addr:housenumber,addr:street,building
2,Sherway Drive,terrace
4,Sherway Drive,terrace
6,Sherway Drive,terrace
8,Sherway Drive,terrace
10,Sherway Drive,terrace
12,Sherway Drive,terrace
22,Sherway Drive,terrace
16,Sherway Drive,terrace
14,Sherway Drive,terrace
20,Sherway Drive,terrace
18,Sherway Drive,terrace
301,Thistledown Court,terrace
24,Sherway Drive,terrace
26,Sherway Drive,terrace
28,Sherway Drive,terrace
283,Thistledown Court,terrace
281,Thistledown Court,terrace
34,Sherway Drive,terrace
30,Sherway Drive,terrace
32,Sherway Drive,terrace
285,Thistledown Court,terrace
36,Sherway Drive,terrace
38,Sherway Drive,terrace
40,Sherway Drive,terrace
46,Sherway Drive,terrace
44,Sherway Drive,terrace
42,Sherway Drive,terrace
48,Sherway Drive,terrace
54,Sherway Drive,terrace
50,Sherway Drive,terrace
52,Sherway Drive,terrace
56,Sherway Drive,house
58,Sherway Drive,house
66,Sherway Drive,house
70,Sherway Drive,house
74,Sherway Drive,house
78,Sherway Drive,house
82,Sherway Drive,house
86,Sherway Drive,house
90,Sherway Drive,house
94,Sherway Drive,house
98,Sherway Drive,house
102,Sherway Drive,house
7,Dolan Drive,terrace
118,Sherway Drive,house
122,Sherway Drive,house
126,Sherway Drive,house
130,Sherway Drive,house
134,Sherway Drive,house
138,Sherway Drive,house
142,Sherway Drive,house
3,Conway Street,house
2,Liveoak Crescent,detached
4,Liveoak Crescent,detached
6,Liveoak Crescent,detached
8,Liveoak Crescent,detached
10,Liveoak Crescent,detached
12,Liveoak Crescent,detached
14,Liveoak Crescent,detached
16,Liveoak Crescent,detached
18,Liveoak Crescent,detached
20,Liveoak Crescent,detached
22,Liveoak Crescent,detached
24,Liveoak Crescent,detached
26,Liveoak Crescent,detached
28,Liveoak Crescent,detached
30,Liveoak Crescent,detached
32,Liveoak Crescent,detached
34,Liveoak Crescent,detached
36,Liveoak Crescent,detached
38,Liveoak Crescent,detached
25,Burnett's Grove Circle,detached
27,Burnett's Grove Circle,detached
29,Burnett's Grove Circle,detached
31,Burnett's Grove Circle,detached
33,Burnett's Grove Circle,detached
35,Burnett's Grove Circle,detached
41,Burnett's Grove Circle,detached
38,Sage Crescent,detached
36,Sage Crescent,detached
34,Sage Crescent,detached
32,Sage Crescent,detached
30,Sage Crescent,detached
28,Sage Crescent,detached
26,Sage Crescent,detached
24,Sage Crescent,detached
22,Sage Crescent,detached
20,Sage Crescent,detached
18,Sage Crescent,detached
16,Sage Crescent,detached
14,Sage Crescent,detached
12,Sage Crescent,detached
10,Sage Crescent,detached
8,Sage Crescent,detached
6,Sage Crescent,detached
4,Sage Crescent,detached
2,Sage Crescent,detached
61,Burnett's Grove Circle,detached
63,Burnett's Grove Circle,detached
65,Burnett's Grove Circle,detached
67,Burnett's Grove Circle,detached
47,Burnett's Grove Circle,detached
49,Burnett's Grove Circle,detached
51,Burnett's Grove Circle,detached
53,Burnett's Grove Circle,detached
55,Burnett's Grove Circle,detached
1,Sage Crescent,detached
3,Sage Crescent,detached
5,Sage Crescent,detached
7,Sage Crescent,detached
9,Sage Crescent,detached
17,Sage Crescent,detached
15,Sage Crescent,detached
13,Sage Crescent,detached
11,Sage Crescent,detached
3,Liveoak Crescent,detached
5,Liveoak Crescent,detached
7,Liveoak Crescent,detached
9,Liveoak Crescent,detached
11,Liveoak Crescent,detached
13,Liveoak Crescent,detached
15,Liveoak Crescent,detached
17,Liveoak Crescent,detached
7,Burnett's Grove Circle,detached
9,Burnett's Grove Circle,detached
11,Burnett's Grove Circle,detached
13,Burnett's Grove Circle,detached
15,Burnett's Grove Circle,detached
17,Burnett's Grove Circle,detached
19,Burnett's Grove Circle,detached
21,Burnett's Grove Circle,detached
23,Burnett's Grove Circle,detached
6,Burnett's Grove Circle,house
10,Burnett's Grove Circle,house
16,Burnett's Grove Circle,house
20,Burnett's Grove Circle,house
24,Burnett's Grove Circle,house
28,Burnett's Grove Circle,house
32,Burnett's Grove Circle,house
36,Burnett's Grove Circle,house
40,Burnett's Grove Circle,house
44,Burnett's Grove Circle,house
48,Burnett's Grove Circle,house
50,Burnett's Grove Circle,house
54,Burnett's Grove Circle,house
58,Burnett's Grove Circle,house
64,Burnett's Grove Circle,house
126,Burnett's Grove Circle,house
132,Burnett's Grove Circle,house
136,Burnett's Grove Circle,house
140,Burnett's Grove Circle,house
144,Burnett's Grove Circle,house
148,Burnett's Grove Circle,house
152,Burnett's Grove Circle,house
156,Burnett's Grove Circle,house
160,Burnett's Grove Circle,house
162,Burnett's Grove Circle,house
168,Burnett's Grove Circle,house
172,Burnett's Grove Circle,house
176,Burnett's Grove Circle,house
180,Burnett's Grove Circle,house
2,Sweetbriar Circle,apartments
8,Sweetbriar Circle,apartments
14,Sweetbriar Circle,apartments
20,Sweetbriar Circle,apartments
51,Sherway Drive,apartments
3,Tedwyn Drive,terrace
75,Sherway Drive,terrace
89,Sherway Drive,house
97,Sherway Drive,terrace
103,Sherway Drive,house
105,Sherway Drive,house
111,Sherway Drive,terrace
9,Dolan Drive,terrace
11,Dolan Drive,terrace
13,Dolan Drive,terrace
15,Dolan Drive,terrace
17,Dolan Drive,terrace
6,Dolan Drive,house
12,Dolan Drive,house
16,Dolan Drive,house
20,Dolan Drive,house
24,Dolan Drive,house
28,Dolan Drive,house
32,Dolan Drive,house
36,Dolan Drive,house
7,Conway Street,house
59,Dolan Drive,terrace
57,Dolan Drive,terrace
55,Dolan Drive,terrace
53,Dolan Drive,terrace
51,Dolan Drive,terrace
49,Dolan Drive,terrace
1,Burnett's Grove Circle,house
3,Burnett's Grove Circle,house
104,Sherway Drive,house
106,Sherway Drive,house
19,Dolan Drive,house
21,Dolan Drive,house
23,Dolan Drive,house
25,Dolan Drive,house
27,Dolan Drive,terrace
29,Dolan Drive,terrace
31,Dolan Drive,terrace
33,Dolan Drive,terrace
35,Dolan Drive,terrace
37,Dolan Drive,terrace
39,Dolan Drive,terrace
41,Dolan Drive,house
43,Dolan Drive,house
45,Dolan Drive,house
47,Dolan Drive,house
2,Dolan Drive,house
4,Dolan Drive,house
1,Dolan Drive,terrace
3,Dolan Drive,terrace
5,Dolan Drive,terrace
166,Burnett's Grove Circle,house
130,Burnett's Grove Circle,house
146,Burnett's Grove Circle,house
178,Burnett's Grove Circle,house
92,Sherway Drive,house
134,Burnett's Grove Circle,house
62,Burnett's Grove Circle,house
150,Burnett's Grove Circle,house
138,Burnett's Grove Circle,house
154,Burnett's Grove Circle,house
84,Sherway Drive,house
38,Burnett's Grove Circle,house
8,Dolan Drive,house
42,Burnett's Grove Circle,house
18,Burnett's Grove Circle,house
80,Sherway Drive,house
64,Sherway Drive,house
46,Burnett's Grove Circle,house
22,Burnett's Grove Circle,house
60,Burnett's Grove Circle,house
14,Burnett's Grove Circle,house
68,Sherway Drive,house
128,Burnett's Grove Circle,house
12,Burnett's Grove Circle,house
72,Sherway Drive,house
8,Burnett's Grove Circle,house
34,Burnett's Grove Circle,house
96,Sherway Drive,house
174,Burnett's Grove Circle,house
30,Burnett's Grove Circle,house
76,Sherway Drive,house
170,Burnett's Grove Circle,house
142,Burnett's Grove Circle,house
100,Sherway Drive,house
158,Burnett's Grove Circle,house
26,Burnett's Grove Circle,house
88,Sherway Drive,house
164,Burnett's Grove Circle,house
56,Burnett's Grove Circle,house
52,Burnett's Grove Circle,house
1,Conway Street,house
10,Dolan Drive,house
120,Sherway Drive,house
124,Sherway Drive,house
128,Sherway Drive,house
132,Sherway Drive,house
136,Sherway Drive,house
14,Dolan Drive,house
140,Sherway Drive,house
144,Sherway Drive,house
18,Dolan Drive,house
22,Dolan Drive,house
26,Dolan Drive,house
30,Dolan Drive,house
34,Dolan Drive,house
5,Conway Street,house
87,Sherway Drive,house
14,Fable Street,house
15,Fable Street,house
5,Berkshire Way,terrace
1,Berkshire Way,terrace
204,Sherway Drive,house
208,Sherway Drive,house
212,Sherway Drive,house
9,Aldgate Crescent,house
7,Aldgate Crescent,house
224,Sherway Drive,house
12,Sagamore Court,detached
3,Melville Drive,detached
155,Stradwick Avenue,detached
28,Melville Drive,detached
30,Perrin Avenue,detached
210,Sherway Drive,house
19,Fable Street,detached
98,Weybridge Drive,detached
36,Melville Drive,detached
96,Stradwick Avenue,detached
79,Stradwick Avenue,detached
206,Sherway Drive,house
7,Fable Street,detached
2900,Jockvale Road,detached
26,Melville Drive,detached
102,Weybridge Drive,detached
17,Fable Street,detached
64,Stradwick Avenue,detached
149 A,Stradwick Avenue,detached
85,Stradwick Avenue,detached
30,Melville Drive,detached
90,Stradwick Avenue,detached
81,Stradwick Avenue,detached
145,Stradwick Avenue,detached
1,Aldgate Crescent,detached
151,Stradwick Avenue,detached
68,Stradwick Avenue,detached
4,Fable Street,detached
38,Perrin Avenue,detached
3,Berkshire Way,terrace
62,Stradwick Avenue,detached
149 B,Stradwick Avenue,detached
83,Stradwick Avenue,detached
92,Stradwick Avenue,detached
89,Stradwick Avenue,detached
104,Stradwick Avenue,detached
9,Fable Street,detached
66,Stradwick Avenue,detached
5,Aldgate Crescent,house
34,Perrin Avenue,detached
40,Perrin Avenue,detached
88,Stradwick Avenue,detached
214,Sherway Drive,house
84,Stradwick Avenue,detached
16,Fable Street,house
92,Weybridge Drive,detached
14,Sagamore Court,detached
36,Perrin Avenue,detached
100,Stradwick Avenue,detached
72,Stradwick Avenue,detached
1,Kane Terrace,detached
96,Weybridge Drive,detached
34,Melville Drive,detached
86,Stradwick Avenue,detached
1,Melville Drive,detached
147,Stradwick Avenue,detached
18,Melville Drive,detached
10,Sagamore Court,detached
32,Perrin Avenue,detached
143,Stradwick Avenue,detached
6,Aldgate Crescent,detached
13,Fable Street,house
70,Stradwick Avenue,detached
6,Fable Street,detached
94,Weybridge Drive,detached
226,Sherway Drive,house
32,Melville Drive,detached
98,Stradwick Avenue,detached
4,Aldgate Crescent,detached
153,Stradwick Avenue,detached
16,Melville Drive,detached
28,Perrin Avenue,detached
106,Stradwick Avenue,detached
11,Fable Street,detached
100,Weybridge Drive,detached
3,Aldgate Crescent,detached
38,Melville Drive,detached
94,Stradwick Avenue,detached
87,Stradwick Avenue,detached
16,Sagamore Court,detached
2,Aldgate Crescent,detached
53,Antler Avenue,detached
50,Dolan Drive,house
64,Amherst Crescent,house
11,Whelan Drive,house
54,Antler Avenue,detached
47,Antler Avenue,detached
154,Sherway Drive,house
46,Dolan Drive,house
181,Sherway Drive,house
58,Antler Avenue,detached
8,Vanessa Terrace,house
56,Dolan Drive,house
60,Amherst Crescent,house
60,Antler Avenue,house
64,Antler Avenue,detached
61,Dolan Drive,house
170,Sherway Drive,house
173,Sherway Drive,house
191,Sherway Drive,terrace
8,Conway Street,house
160,Sherway Drive,house
15,Whelan Drive,house
65,Dolan Drive,house
167,Sherway Drive,house
56,Antler Avenue,detached
1 B,Vanessa Terrace,terrace
45,Antler Avenue,detached
66,Amherst Crescent,house
166,Sherway Drive,house
165,Sherway Drive,house
183,Sherway Drive,house
66,Antler Avenue,detached
59,Dolan Drive,house
69,Glacier Street,detached
5,Whelan Drive,house
49,Antler Avenue,detached
2,Conway Street,house
162,Sherway Drive,house
17,Whelan Drive,house
2 E,Larkshire Lane,terrace
175,Sherway Drive,house
51,Antler Avenue,detached
4,Vanessa Terrace,house
18,St. Remy Drive,detached
11,Ettrick Crescent,detached
12,Raftus Square,detached
141,Larkin Drive,detached
38,Fable Street,detached
31,Kane Terrace,detached
39,Teevens Drive,detached
65,Teevens Drive,detached
51,Langholm Crescent,detached
19,Barran Street,detached
37,Phylis Street,detached
32,St. Remy Drive,detached
14,Laming Street,detached
33,Melville Drive,detached
14,Phylis Street,detached
76,Stradwick Avenue,detached
144,Malvern Drive,detached
13,Jerrilynn Crescent,detached
20,Langholm Crescent,detached
141,Stradwick Avenue,detached
91,Larkin Drive,detached
33,Roberta Crescent,detached
28,Phylis Street,detached
25,Melville Drive,detached
11,Roberta Crescent,detached
36,Teevens Drive,detached
3,Phylis Street,detached
85,Fable Street,detached
45,Langholm Crescent,detached
13,Teevens Drive,detached
19,Blueridge Court,detached
4,Roberta Crescent,detached
20,Teevens Drive,detached
27,Andrea Crescent,detached
34,Langholm Crescent,detached
13,Barran Street,detached
15,Andrea Crescent,detached
119,Larkin Drive,detached
21,Andrea Crescent,detached
7,Teevens Drive,detached
4,Blueridge Court,detached
8,Kane Terrace,detached
30,Ettrick Crescent,detached
27,Phylis Street,detached
30,Phylis Street,detached
42,St. Remy Drive,detached
28,Barrhaven Crescent,detached
56,Melville Drive,detached
77,Teevens Drive,detached
3,Andrea Crescent,detached
118,Larkin Drive,house
9,Ettrick Crescent,detached
14,Raftus Square,detached
24,Fable Street,detached
70,Melville Drive,detached
18,Teevens Drive,detached
99,Stradwick Avenue,detached
39,Langholm Crescent,detached
6,Andrea Crescent,detached
40,Phylis Street,detached
34,St. Remy Drive,detached
10,Laming Street,detached
19,Melville Drive,detached
10,Ettrick Crescent,detached
82,Stradwick Avenue,detached
113,Stradwick Avenue,detached
142,Malvern Drive,detached
11,Jerrilynn Crescent,detached
24,Langholm Crescent,detached
5,Bajan Street,detached
8,Blueridge Court,detached
11,Langholm Crescent,detached
1,Carroll Court,detached
22,Kane Terrace,detached
13,Roberta Crescent,detached
90,Melville Drive,detached
7,Phylis Street,detached
136,Malvern Drive,detached
47,Langholm Crescent,detached
21,Teevens Drive,detached
48,Fable Street,house
16,Blueridge Court,detached
12,Roberta Crescent,detached
35,Phylis Street,detached
125,Larkin Drive,detached
32,Langholm Crescent,detached
15,Barran Street,detached
13,Andrea Crescent,detached
25,Laming Street,detached
138,Malvern Drive,detached
16,St. Remy Drive,detached
39,Barrhaven Crescent,detached
22,Raftus Square,detached
43 A,Fable Street,terrace
13,Melville Drive,detached
28,Ettrick Crescent,detached
131,Stradwick Avenue,detached
102,Larkin Drive,detached
46,St. Remy Drive,detached
47,Ettrick Crescent,detached
69,Teevens Drive,detached
22,Barran Street,detached
107,Larkin Drive,detached
4,Laming Street,detached
22,Fable Street,detached
54,Fable Street,detached
43,Teevens Drive,detached
6,Eagle Chase Court,detached
49,St. Remy Drive,detached
15,Langholm Crescent,detached
12,Andrea Crescent,detached
42,Phylis Street,detached
3,Langholm Crescent,detached
6,Laming Street,detached
46,Melville Drive,detached
121,Stradwick Avenue,detached
53,Teevens Drive,detached
83,Fable Street,detached
133,Larkin Drive,detached
25,Langholm Crescent,detached
137,Stradwick Avenue,detached
25,Kane Terrace,detached
9,Langholm Crescent,detached
3,Carroll Court,detached
8,Jerrilynn Crescent,detached
15,Phylis Street,detached
10,Phylis Street,detached
30,Langholm Crescent,detached
19,Teevens Drive,detached
1,Blueridge Court,detached
19,Kane Terrace,detached
15,St. Remy Drive,detached
55,Melville Drive,detached
131,Larkin Drive,detached
35,St. Remy Drive,detached
35,Ettrick Crescent,detached
18,Barran Street,detached
27,Laming Street,detached
29,Barran Street,detached
14,St. Remy Drive,detached
6,Ettrick Crescent,detached
10,Raftus Square,detached
25,Fable Street,terrace
10,Kane Terrace,detached
8,Bajan Street,detached
55,Teevens Drive,detached
48,St. Remy Drive,detached
20,Barran Street,detached
25,Barran Street,detached
38,St. Remy Drive,detached
19,Laming Street,detached
7,Kane Terrace,detached
76,Melville Drive,detached
20,Phylis Street,detached
7,Eagle Chase Court,detached
47,St. Remy Drive,detached
21,Langholm Crescent,detached
10,Teevens Drive,detached
38,Berkshire Way,terrace
87,Fable Street,detached
10,Langholm Crescent,detached
24,Laming Street,detached
52,Melville Drive,detached
4,Barran Street,detached
78,Stradwick Avenue,detached
26,Teevens Drive,detached
82,Larkin Drive,detached
62,St. Remy Drive,detached
133,Stradwick Avenue,detached
15,Blueridge Court,detached
5,St. Remy Drive,detached
5,Carroll Court,detached
10,Jerrilynn Crescent,detached
24,Phylis Street,detached
144 A,Larkin Drive,house
2,Jerrilynn Crescent,detached
66,Melville Drive,detached
5,Blueridge Court,detached
9,Melville Drive,detached
14,Roberta Crescent,detached
33,Phylis Street,detached
34,Phylis Street,detached
111,Larkin Drive,detached
7,Barran Street,detached
3,St. Remy Drive,detached
32,Laming Street,detached
14,Andrea Crescent,detached
22,St. Remy Drive,detached
35,Barrhaven Crescent,detached
18,Raftus Square,detached
36,Fable Street,house
18,Blueridge Court,detached
37,Teevens Drive,detached
93,Stradwick Avenue,detached
25,Jerrilynn Crescent,detached
21,Barran Street,detached
39,Phylis Street,detached
36,St. Remy Drive,detached
11,Laming Street,detached
31,Melville Drive,detached
134,Larkin Drive,detached
117,Stradwick Avenue,detached
6,Jerrilynn Crescent,detached
19,Langholm Crescent,detached
6,Teevens Drive,detached
95,Larkin Drive,detached
35,Roberta Crescent,detached
35,Andrea Crescent,detached
50,Melville Drive,detached
9,Roberta Crescent,detached
9,Bajan Street,detached
28,Teevens Drive,detached
43,Phylis Street,detached
137,Larkin Drive,detached
62,Melville Drive,detached
17,Blueridge Court,detached
41,Roberta Crescent,detached
82,Melville Drive,detached
25,Andrea Crescent,detached
36,Langholm Crescent,detached
92,Melville Drive,detached
117,Larkin Drive,detached
42,Ettrick Crescent,detached
23,Andrea Crescent,detached
41,Barrhaven Crescent,detached
1,Bajan Street,detached
2,Blueridge Court,detached
7,Melville Drive,detached
32,Ettrick Crescent,detached
29,Phylis Street,detached
32,Phylis Street,detached
29,Roberta Crescent,detached
67,Larkin Drive,detached
54,Melville Drive,detached
11,Phylis Street,detached
85,Larkin Drive,detached
101,Larkin Drive,detached
7,Ettrick Crescent,detached
16,Raftus Square,detached
32,Fable Street,detached
72,Melville Drive,detached
18,Ettrick Crescent,detached
35,Teevens Drive,detached
101,Stradwick Avenue,detached
68,St. Remy Drive,detached
7,Andrea Crescent,detached
41,Phylis Street,detached
30,St. Remy Drive,detached
13,Laming Street,detached
21,Melville Drive,detached
34,Ettrick Crescent,detached
123,Stradwick Avenue,detached
45,Teevens Drive,detached
140,Malvern Drive,detached
17,Jerrilynn Crescent,detached
22,Langholm Crescent,detached
4,Bajan Street,detached
6,Blueridge Court,detached
5,Langholm Crescent,detached
16,Andrea Crescent,detached
20,Kane Terrace,detached
21,Roberta Crescent,detached
30,Teevens Drive,detached
5,Phylis Street,detached
78,Fable Street,detached
66,St. Remy Drive,detached
64,Melville Drive,detached
42,Fable Street,house
40,Melville Drive,detached
18,Roberta Crescent,detached
6,Raftus Square,detached
33,St. Remy Drive,detached
17,Andrea Crescent,detached
148,Larkin Drive,detached
40,Ettrick Crescent,detached
19,Andrea Crescent,detached
5,Ettrick Crescent,detached
24,Raftus Square,detached
3,Kane Terrace,detached
11,Melville Drive,detached
41,Ettrick Crescent,detached
12,Teevens Drive,detached
100,Larkin Drive,detached
115,Larkin Drive,detached
31,Langholm Crescent,detached
5,Roberta Crescent,detached
71,Teevens Drive,detached
51,Ettrick Crescent,detached
105,Larkin Drive,detached
123,Larkin Drive,detached
20,Fable Street,house
68,Melville Drive,detached
41,Teevens Drive,detached
97,Stradwick Avenue,detached
45,St. Remy Drive,detached
13,Langholm Crescent,detached
10,Andrea Crescent,detached
201,Sherway Drive,terrace
38,Phylis Street,detached
5,Jerrilynn Crescent,detached
12,Laming Street,detached
44,Melville Drive,detached
125,Stradwick Avenue,detached
51,Teevens Drive,detached
9,Chalice Court,detached
60,St. Remy Drive,detached
29,Langholm Crescent,detached
29,Teevens Drive,detached
13,Blueridge Court,detached
7,Langholm Crescent,detached
18,Andrea Crescent,detached
25,Roberta Crescent,detached
79,Teevens Drive,detached
136,Larkin Drive,house
41,St. Remy Drive,detached
15,Teevens Drive,detached
40,Fable Street,detached
17,Kane Terrace,detached
20,Roberta Crescent,detached
86,Melville Drive,detached
129,Larkin Drive,detached
49,Langholm Crescent,detached
9,Barran Street,detached
14,Barran Street,detached
31,Laming Street,house
4,Ettrick Crescent,detached
12,St. Remy Drive,detached
3,Ettrick Crescent,detached
26,Raftus Square,detached
46 B,Whelan Drive,terrace
9,Blueridge Court,detached
24,Ettrick Crescent,detached
6,Bajan Street,detached
61,Teevens Drive,detached
40,Langholm Crescent,detached
26,Barrhaven Crescent,detached
23,Barran Street,detached
9,Phylis Street,detached
49,Ettrick Crescent,detached
103,Larkin Drive,detached
21,Laming Street,detached
13,Kane Terrace,detached
74,Melville Drive,detached
16,Phylis Street,detached
104,Weybridge Drive,detached
37,Langholm Crescent,detached
18,Langholm Crescent,detached
11,Andrea Crescent,detached
30,Berkshire Way,terrace
2,Andrea Crescent,detached
8,Langholm Crescent,detached
18,Laming Street,detached
42,Melville Drive,detached
6,Barran Street,detached
80,Stradwick Avenue,detached
49,Teevens Drive,detached
84,Larkin Drive,detached
39,St. Remy Drive,detached
135,Stradwick Avenue,detached
10,Blueridge Court,detached
22,Roberta Crescent,detached
31,Andrea Crescent,detached
12,Jerrilynn Crescent,detached
23,Roberta Crescent,detached
81,Teevens Drive,detached
6,Phylis Street,detached
21,St. Remy Drive,detached
11,Teevens Drive,detached
41 A,Fable Street,terrace
4,Kane Terrace,detached
16,Roberta Crescent,detached
31,Phylis Street,detached
158,Larkin Drive,detached
58,St. Remy Drive,detached
7,Roberta Crescent,detached
8,St. Remy Drive,detached
28,Raftus Square,detached
93,Larkin Drive,detached
1,Langholm Crescent,detached
37,Barrhaven Crescent,detached
20,Raftus Square,detached
63,Whelan Drive,terrace
35,Kane Terrace,detached
26,Ettrick Crescent,detached
16,Teevens Drive,detached
91,Stradwick Avenue,detached
27,Jerrilynn Crescent,detached
4,Andrea Crescent,detached
160,Larkin Drive,detached
139,Larkin Drive,detached
36,Ettrick Crescent,detached
109,Larkin Drive,detached
17,Laming Street,detached
128,Larkin Drive,house
115,Stradwick Avenue,detached
12,Langholm Crescent,detached
17,Langholm Crescent,detached
8,Teevens Drive,detached
57,Whelan Drive,terrace
94,Larkin Drive,detached
6,Langholm Crescent,detached
106,Larkin Drive,detached
48,Melville Drive,detached
2,Barran Street,detached
38,Teevens Drive,detached
22,Teevens Drive,detached
88,Larkin Drive,detached
135,Larkin Drive,detached
33,Teevens Drive,detached
14,Blueridge Court,detached
8,Roberta Crescent,detached
24,St. Remy Drive,detached
21,Jerrilynn Crescent,detached
22,Ettrick Crescent,detached
65,Melville Drive,detached
142,Larkin Drive,detached
25,St. Remy Drive,detached
71,Larkin Drive,detached
78,Melville Drive,detached
22 F,Maple Ridge Crescent,terrace
21,Kane Terrace,detached
14,Ettrick Crescent,detached
7,Bajan Street,detached
36,Phylis Street,detached
27,Roberta Crescent,detached
8,Barran Street,detached
6,St. Remy Drive,detached
73,Teevens Drive,detached
24,Barran Street,detached
122,Larkin Drive,house
13,Ettrick Crescent,detached
150,Larkin Drive,detached
30,Fable Street,detached
33,Kane Terrace,detached
10,Bajan Street,detached
67,Teevens Drive,detached
29,Jerrilynn Crescent,detached
5,Andrea Crescent,detached
80,Fable Street,detached
28,St. Remy Drive,detached
15,Laming Street,detached
16,Kane Terrace,detached
18,Phylis Street,detached
109,Stradwick Avenue,detached
11,Chalice Court,detached
15,Jerrilynn Crescent,detached
23,Langholm Crescent,detached
139,Stradwick Avenue,detached
89,Larkin Drive,detached
37,Roberta Crescent,detached
112,Larkin Drive,house
29,Kane Terrace,detached
17,Roberta Crescent,detached
14,Bajan Street,detached
4,Phylis Street,detached
86,Larkin Drive,detached
43,Langholm Crescent,detached
60,Melville Drive,detached
54,Otten Drive,detached
17,Melville Drive,detached
6,Roberta Crescent,detached
80,Melville Drive,detached
4,Raftus Square,detached
54,St. Remy Drive,detached
37,Ettrick Crescent,detached
10,St. Remy Drive,detached
146,Larkin Drive,detached
4,Jerrilynn Crescent,detached
3,Teevens Drive,detached
52,Fable Street,detached
23,Kane Terrace,detached
43,Ettrick Crescent,detached
127,Stradwick Avenue,detached
108,Larkin Drive,house
44,St. Remy Drive,detached
27,Langholm Crescent,detached
3,Roberta Crescent,detached
75,Teevens Drive,detached
53,Ettrick Crescent,detached
120,Larkin Drive,detached
154,Larkin Drive,detached
26,Fable Street,house
29,Melville Drive,detached
12,Bajan Street,detached
95,Stradwick Avenue,detached
43,St. Remy Drive,detached
8,Andrea Crescent,detached
14,Berkshire Way,terrace
96,Larkin Drive,detached
3,Jerrilynn Crescent,detached
8,Laming Street,detached
14,Kane Terrace,detached
130,Larkin Drive,house
111,Stradwick Avenue,detached
5,Chalice Court,detached
14,Langholm Crescent,detached
33,Langholm Crescent,detached
27,Teevens Drive,detached
11,Blueridge Court,detached
31,Roberta Crescent,detached
33,Andrea Crescent,detached
15,Roberta Crescent,detached
85,Teevens Drive,detached
8,Phylis Street,detached
41,Langholm Crescent,detached
23,Teevens Drive,detached
15,Kane Terrace,detached
15,Melville Drive,detached
39,Roberta Crescent,detached
84,Melville Drive,detached
127,Larkin Drive,detached
19,Jerrilynn Crescent,detached
11,Barran Street,detached
4,St. Remy Drive,detached
23,Laming Street,detached
75,Larkin Drive,detached
20,St. Remy Drive,detached
73,Larkin Drive,detached
16,Laming Street,detached
50,Fable Street,detached
7,Blueridge Court,detached
16,Ettrick Crescent,detached
129,Stradwick Avenue,detached
59,Teevens Drive,detached
52,St. Remy Drive,detached
45,Ettrick Crescent,detached
13,Phylis Street,detached
55,Ettrick Crescent,detached
7,Carroll Court,detached
152,Larkin Drive,detached
11,Kane Terrace,detached
56,Fable Street,detached
17,Phylis Street,detached
5,Eagle Chase Court,detached
51,St. Remy Drive,detached
16,Langholm Crescent,detached
9,Andrea Crescent,detached
9,Berkshire Way,terrace
92,Larkin Drive,detached
4,Langholm Crescent,detached
20,Laming Street,detached
30,Raftus Square,detached
18,Kane Terrace,detached
5,Barran Street,detached
119,Stradwick Avenue,detached
47,Teevens Drive,detached
3,Chalice Court,detached
37,St. Remy Drive,detached
35,Langholm Crescent,detached
25,Teevens Drive,detached
27,Kane Terrace,detached
24,Roberta Crescent,detached
29,Andrea Crescent,detached
99,Weybridge Drive,detached
38,Langholm Crescent,detached
19,Roberta Crescent,detached
83,Teevens Drive,detached
12,Phylis Street,detached
28,Langholm Crescent,detached
9,Teevens Drive,detached
3,Blueridge Court,detached
5,Kane Terrace,detached
1,Jerrilynn Crescent,detached
25,Phylis Street,detached
2,Raftus Square,detached
56,St. Remy Drive,detached
33,Ettrick Crescent,detached
2,St. Remy Drive,detached
26,Laming Street,detached
27,Barran Street,detached
43,Roberta Crescent,detached
8,Ettrick Crescent,detached
8,Raftus Square,detached
71,Whelan Drive,terrace
12,Kane Terrace,detached
39,Ettrick Crescent,detached
14,Teevens Drive,detached
57,Teevens Drive,detached
50,St. Remy Drive,detached
17,Barran Street,detached
38,Ettrick Crescent,detached
40,St. Remy Drive,detached
121,Larkin Drive,detached
9,Kane Terrace,detached
35,Melville Drive,detached
19,Phylis Street,detached
74,Stradwick Avenue,detached
9,Jerrilynn Crescent,detached
26,Langholm Crescent,detached
3,Bajan Street,detached
19,Berkshire Way,terrace
90,Larkin Drive,detached
7,Jerrilynn Crescent,detached
22,Laming Street,detached
23,Melville Drive,detached
10,Roberta Crescent,detached
11,Bajan Street,detached
24,Teevens Drive,detached
7,Chalice Court,detached
64,St. Remy Drive,detached
24,Barrhaven Crescent,detached
31,Teevens Drive,detached
12,Blueridge Court,detached
7,St. Remy Drive,detached
26,St. Remy Drive,detached
97,Weybridge Drive,detached
23,Jerrilynn Crescent,detached
22,Phylis Street,detached
140,Larkin Drive,detached
23,St. Remy Drive,detached
5,Teevens Drive,detached
13 B,Maple Ridge Crescent,terrace
6,Kane Terrace,detached
12,Ettrick Crescent,detached
26,Phylis Street,detached
98,Larkin Drive,detached
113,Larkin Drive,detached
10,Barran Street,detached
12,Barran Street,detached
30,Laming Street,detached
26,Barran Street,detached
29,Ventnor Way,detached
70,Malvern Drive,house
81,Tripp Crescent,detached
12,Vanessa Terrace,house
12 A,Larkshire Lane,terrace
19,Leetom Crescent,detached
32,Thistledown Court,terrace
85,Malvern Drive,terrace
18,Providence Place,house
88,Tripp Crescent,detached
115,Tripp Crescent,detached
4 A,Larkshire Lane,terrace
10 B,Spring Grove Lane,terrace
76,Malvern Drive,house
8,Ventnor Way,house
78,Tripp Crescent,detached
14,Whelan Drive,house
187,Thistledown Court,terrace
11 B,Maple Ridge Crescent,terrace
51,Glacier Street,detached
24,Jalna Court,detached
1,Ventnor Way,detached
44,Vanessa Terrace,house
50,Tedwyn Drive,terrace
24,Malvern Drive,house
18,Jalna Court,detached
14,Leetom Crescent,detached
2 C,Spring Grove Lane,terrace
14,Glacier Street,detached
21,Providence Place,terrace
28,Thistledown Court,terrace
83,Malvern Drive,terrace
33,Glacier Street,detached
77,Tripp Crescent,detached
265,Thistledown Court,terrace
6 E,Maple Ridge Crescent,terrace
125,Tripp Crescent,detached
37,Ventnor Way,detached
10,Whelan Drive,house
1,Kadeer Way,detached
69,Thistledown Court,terrace
53,Glacier Street,detached
38,Malvern Drive,house
21,Thistledown Court,terrace
14 A,Larkshire Lane,terrace
6,Providence Place,house
16,Jalna Court,detached
21,Leetom Crescent,detached
3 B,Spring Grove Lane,terrace
25,Providence Place,terrace
86,Tripp Crescent,detached
51,Malvern Drive,terrace
80,Thistledown Court,terrace
10,Malvern Drive,house
75,Tripp Crescent,detached
108,Tripp Crescent,detached
211,Thistledown Court,terrace
14 D,Spring Grove Lane,terrace
47,Ventnor Way,detached
32,Vanessa Terrace,house
33,Tedwyn Drive,house
74,Antler Avenue,house
22,Ventnor Way,house
43,Ventnor Way,detached
3 A,Vanessa Terrace,terrace
30,Tedwyn Drive,house
100,Tripp Crescent,detached
255,Thistledown Court,terrace
31,Providence Place,terrace
82,Tripp Crescent,detached
53,Tedwyn Drive,house
32,Malvern Drive,house
41,Ventnor Way,detached
105,Tripp Crescent,detached
157,Thistledown Court,terrace
4 E,Maple Ridge Crescent,terrace
57,Glacier Street,house
121,Tripp Crescent,detached
118,Tripp Crescent,detached
36,Vanessa Terrace,house
58,Tedwyn Drive,terrace
30,Ventnor Way,house
68,Malvern Drive,house
98,Tripp Crescent,detached
5 B,Vanessa Terrace,terrace
10 A,Larkshire Lane,terrace
25,Ventnor Way,house
6,Tedwyn Drive,terrace
37,Tedwyn Drive,house
114,Tripp Crescent,detached
117,Tripp Crescent,detached
6 C,Larkshire Lane,terrace
40 A,Whelan Drive,terrace
22,Jalna Court,detached
4,Ventnor Way,house
33,Ventnor Way,detached
107,Tripp Crescent,detached
105,Thistledown Court,terrace
10 B,Maple Ridge Crescent,terrace
63,Glacier Street,detached
119,Tripp Crescent,detached
2 E,Maple Ridge Crescent,terrace
25,Tedwyn Drive,house
20,Ventnor Way,house
34,Ventnor Way,house
64,Malvern Drive,house
96,Tripp Crescent,detached
1 B,Spring Grove Lane,terrace
16,Glacier Street,detached
3 A,Larkshire Lane,terrace
217,Thistledown Court,terrace
307,Thistledown Court,terrace
31,Glacier Street,detached
4,Jalna Court,detached
47,Tedwyn Drive,terrace
1 A,Maple Ridge Crescent,terrace
127,Tripp Crescent,detached
35,Ventnor Way,detached
6,Whelan Drive,house
41,Thistledown Court,terrace
55,Glacier Street,detached
128,Tripp Crescent,house
33,Thistledown Court,terrace
16 C,Spring Grove Lane,terrace
12,Tedwyn Drive,terrace
129,Tripp Crescent,detached
23,Leetom Crescent,detached
7 B,Vanessa Terrace,terrace
72,Tedwyn Drive,terrace
5,Thistledown Court,terrace
131,Tripp Crescent,detached
41,Glacier Street,house
110,Tripp Crescent,detached
12 A,Spring Grove Lane,terrace
8,Jalna Court,detached
31,Whelan Drive,terrace
3,Kadeer Way,detached
47,Thistledown Court,terrace
37,Glacier Street,detached
26,Malvern Drive,house
46,Ventnor Way,house
1 C,Larkshire Lane,terrace
20,Tedwyn Drive,terrace
101,Tripp Crescent,detached
8 E,Spring Grove Lane,terrace
22,Providence Place,house
84,Tripp Crescent,detached
127,Sherway Drive,terrace
34,Malvern Drive,house
109,Tripp Crescent,detached
175,Thistledown Court,terrace
3 C,Maple Ridge Crescent,terrace
123,Tripp Crescent,detached
37,Whelan Drive,terrace
66,Tedwyn Drive,terrace
29,Glacier Street,detached
42,Ventnor Way,house
18,Vanessa Terrace,house
40,Tedwyn Drive,house
12 B,Maple Ridge Crescent,terrace
9,Providence Place,terrace
92,Tripp Crescent,detached
10,Thistledown Court,terrace
42,Malvern Drive,house
12,Jalna Court,detached
18,Malvern Drive,house
31,Ventnor Way,detached
106,Tripp Crescent,detached
121,Thistledown Court,terrace
8 B,Maple Ridge Crescent,terrace
65,Glacier Street,house
113,Tripp Crescent,detached
28,Whelan Drive,house
10,Providence Place,house
14,Ventnor Way,house
27,Glacier Street,detached
26,Ventnor Way,house
45,Ventnor Way,detached
94,Tripp Crescent,detached
4 C,Spring Grove Lane,terrace
8 E,Larkshire Lane,terrace
60,Thistledown Court,terrace
61,Malvern Drive,terrace
14,Providence Place,house
3,Foxfield Drive,detached
6,Jalna Court,detached
80,Tedwyn Drive,terrace
15 A,Vanessa Terrace,terrace
14,Jalna Court,detached
80,Tripp Crescent,detached
26,Vanessa Terrace,house
117,Thistledown Court,terrace
9 E,Maple Ridge Crescent,terrace
49,Glacier Street,detached
134,Tripp Crescent,house
3,Ventnor Way,detached
40,Vanessa Terrace,house
13,Tedwyn Drive,house
12,Ventnor Way,house
20,Jalna Court,detached
24,Vanessa Terrace,house
17,Providence Place,terrace
65,Thistledown Court,terrace
135,Tripp Crescent,house
35,Glacier Street,detached
1,Foxfield Drive,detached
79,Tripp Crescent,detached
245,Thistledown Court,terrace
34,Tedwyn Drive,house
10,Jalna Court,detached
76,Tripp Crescent,detached
22,Whelan Drive,house
101,Thistledown Court,terrace
39,Glacier Street,detached
38,Ventnor Way,house
16 B,Larkshire Lane,terrace
23,Tedwyn Drive,house
103,Tripp Crescent,detached
6 F,Spring Grove Lane,terrace
26,Providence Place,house
116,Tripp Crescent,detached
16,Thistledown Court,terrace
58,Malvern Drive,house
7,Ventnor Way,house
73,Tripp Crescent,detached
111,Tripp Crescent,detached
193,Thistledown Court,terrace
7 B,Maple Ridge Crescent,terrace
120,Tripp Crescent,detached
20,Whelan Drive,house
29,Tedwyn Drive,house
70,Antler Avenue,house
52,Ventnor Way,house
16,Vanessa Terrace,house
17,Tedwyn Drive,house
102,Tripp Crescent,detached
291,Thistledown Court,terrace
30,Providence Place,house
90,Tripp Crescent,detached
112,Tripp Crescent,detached
25,Malvern Drive,terrace
46,Malvern Drive,house
16,Malvern Drive,house
39,Ventnor Way,detached
104,Tripp Crescent,detached
163,Thistledown Court,terrace
5 B,Maple Ridge Crescent,terrace
55,Antler Avenue,detached
26,Jalna Court,detached
6,Berkshire Way,terrace
46,Tedwyn Drive,terrace
18,Fable Street,house
28,Fable Street,house
34,Fable Street,house
44,Fable Street,house
46,Fable Street,house
43 B,Fable Street,terrace
43 C,Fable Street,terrace
43 D,Fable Street,terrace
41 B,Fable Street,terrace
41 C,Fable Street,terrace
41 D,Fable Street,terrace
41 E,Fable Street,terrace
46 A,Whelan Drive,terrace
46 C,Whelan Drive,terrace
46 D,Whelan Drive,terrace
46 E,Whelan Drive,terrace
46 F,Whelan Drive,terrace
46 G,Whelan Drive,terrace
125,Sherway Drive,terrace
123,Sherway Drive,terrace
121,Sherway Drive,terrace
8,Tedwyn Drive,terrace
4,Tedwyn Drive,terrace
2,Tedwyn Drive,terrace
10,Tedwyn Drive,terrace
14,Tedwyn Drive,terrace
16,Tedwyn Drive,terrace
18,Tedwyn Drive,terrace
22,Tedwyn Drive,terrace
24,Tedwyn Drive,terrace
26,Tedwyn Drive,terrace
28,Tedwyn Drive,terrace
32,Tedwyn Drive,house
36,Tedwyn Drive,house
38,Tedwyn Drive,house
44,Tedwyn Drive,terrace
42,Tedwyn Drive,terrace
48,Tedwyn Drive,terrace
52,Tedwyn Drive,terrace
60,Tedwyn Drive,terrace
56,Tedwyn Drive,terrace
54,Tedwyn Drive,terrace
64,Tedwyn Drive,terrace
68,Tedwyn Drive,terrace
62,Tedwyn Drive,terrace
70,Tedwyn Drive,terrace
74,Tedwyn Drive,terrace
76,Tedwyn Drive,terrace
78,Tedwyn Drive,terrace
82,Tedwyn Drive,terrace
84,Tedwyn Drive,terrace
88,Tedwyn Drive,terrace
86,Tedwyn Drive,terrace
39,Tedwyn Drive,house
35,Tedwyn Drive,house
31,Tedwyn Drive,house
27,Tedwyn Drive,house
21,Tedwyn Drive,house
19,Tedwyn Drive,house
15,Tedwyn Drive,house
8,Providence Place,house
12,Providence Place,house
16,Providence Place,house
20,Providence Place,house
24,Providence Place,house
28,Providence Place,house
32,Providence Place,house
55,Tedwyn Drive,house
45,Tedwyn Drive,terrace
49,Tedwyn Drive,terrace
51,Tedwyn Drive,terrace
29,Providence Place,terrace
33,Providence Place,terrace
35,Providence Place,terrace
37,Providence Place,terrace
39,Providence Place,terrace
27,Providence Place,terrace
23,Providence Place,terrace
19,Providence Place,terrace
15,Providence Place,terrace
13,Providence Place,terrace
11,Providence Place,terrace
7,Providence Place,terrace
5,Providence Place,terrace
3,Providence Place,terrace
1,Providence Place,terrace
156,Sherway Drive,house
59,Dolan Drive,house
63,Dolan Drive,house
67,Dolan Drive,house
54,Dolan Drive,house
52,Dolan Drive,house
48,Dolan Drive,house
6,Conway Street,house
4,Conway Street,house
158,Sherway Drive,house
164,Sherway Drive,house
168,Sherway Drive,house
172,Sherway Drive,house
6 F,Larkshire Lane,terrace
6 E,Larkshire Lane,terrace
6 B,Larkshire Lane,terrace
6 D,Larkshire Lane,terrace
6 A,Larkshire Lane,terrace
4 C,Larkshire Lane,terrace
4 B,Larkshire Lane,terrace
2 A,Larkshire Lane,terrace
2 F,Larkshire Lane,terrace
2 D,Larkshire Lane,terrace
2 C,Larkshire Lane,terrace
2 B,Larkshire Lane,terrace
1 E,Larkshire Lane,terrace
1 D,Larkshire Lane,terrace
1 B,Larkshire Lane,terrace
1 A,Larkshire Lane,terrace
3 E,Larkshire Lane,terrace
3 G,Larkshire Lane,terrace
3 B,Larkshire Lane,terrace
3 C,Larkshire Lane,terrace
3 D,Larkshire Lane,terrace
3 F,Larkshire Lane,terrace
8 A,Larkshire Lane,terrace
8 D,Larkshire Lane,terrace
8 C,Larkshire Lane,terrace
8 B,Larkshire Lane,terrace
10 D,Larkshire Lane,terrace
10 B,Larkshire Lane,terrace
10 C,Larkshire Lane,terrace
10 E,Larkshire Lane,terrace
12 D,Larkshire Lane,terrace
12 B,Larkshire Lane,terrace
12 C,Larkshire Lane,terrace
12 F,Larkshire Lane,terrace
12 E,Larkshire Lane,terrace
14 C,Larkshire Lane,terrace
14 B,Larkshire Lane,terrace
14 D,Larkshire Lane,terrace
14 E,Larkshire Lane,terrace
16 A,Larkshire Lane,terrace
16 C,Larkshire Lane,terrace
16 D,Larkshire Lane,terrace
1 A,Spring Grove Lane,terrace
1 C,Spring Grove Lane,terrace
1 D,Spring Grove Lane,terrace
3 F,Spring Grove Lane,terrace
3 A,Spring Grove Lane,terrace
3 C,Spring Grove Lane,terrace
3 D,Spring Grove Lane,terrace
3 E,Spring Grove Lane,terrace
2 F,Spring Grove Lane,terrace
2 A,Spring Grove Lane,terrace
2 D,Spring Grove Lane,terrace
2 B,Spring Grove Lane,terrace
2 E,Spring Grove Lane,terrace
2 G,Spring Grove Lane,terrace
4 A,Spring Grove Lane,terrace
4 D,Spring Grove Lane,terrace
4 B,Spring Grove Lane,terrace
4 E,Spring Grove Lane,terrace
4 F,Spring Grove Lane,terrace
4 G,Spring Grove Lane,terrace
6 A,Spring Grove Lane,terrace
6 B,Spring Grove Lane,terrace
6 D,Spring Grove Lane,terrace
6 E,Spring Grove Lane,terrace
6 C,Spring Grove Lane,terrace
8 F,Spring Grove Lane,terrace
8 D,Spring Grove Lane,terrace
8 C,Spring Grove Lane,terrace
8 B,Spring Grove Lane,terrace
8 A,Spring Grove Lane,terrace
10 C,Spring Grove Lane,terrace
10 A,Spring Grove Lane,terrace
10 D,Spring Grove Lane,terrace
10 E,Spring Grove Lane,terrace
12 D,Spring Grove Lane,terrace
12 B,Spring Grove Lane,terrace
12 C,Spring Grove Lane,terrace
14 G,Spring Grove Lane,terrace
14 E,Spring Grove Lane,terrace
14 C,Spring Grove Lane,terrace
14 B,Spring Grove Lane,terrace
14 A,Spring Grove Lane,terrace
14 F,Spring Grove Lane,terrace
16 E,Spring Grove Lane,terrace
16 A,Spring Grove Lane,terrace
16 B,Spring Grove Lane,terrace
16 D,Spring Grove Lane,terrace
16 F,Spring Grove Lane,terrace
199,Sherway Drive,terrace
203,Sherway Drive,terrace
205,Sherway Drive,terrace
207,Sherway Drive,terrace
209,Sherway Drive,terrace
27,Fable Street,terrace
23,Fable Street,terrace
21,Fable Street,terrace
21,Berkshire Way,terrace
23,Berkshire Way,terrace
25,Berkshire Way,terrace
27,Berkshire Way,terrace
7,Berkshire Way,terrace
11,Berkshire Way,terrace
13,Berkshire Way,terrace
15,Berkshire Way,terrace
17,Berkshire Way,terrace
163,Sherway Drive,house
169,Sherway Drive,house
171,Sherway Drive,house
177,Sherway Drive,house
179,Sherway Drive,house
185,Sherway Drive,house
187,Sherway Drive,terrace
189,Sherway Drive,terrace
193,Sherway Drive,terrace
195,Sherway Drive,terrace
197,Sherway Drive,terrace
2,Berkshire Way,terrace
4,Berkshire Way,terrace
8,Berkshire Way,terrace
10,Berkshire Way,terrace
12,Berkshire Way,terrace
16,Berkshire Way,terrace
18,Berkshire Way,terrace
20,Berkshire Way,terrace
22,Berkshire Way,terrace
24,Berkshire Way,terrace
32,Berkshire Way,terrace
28,Berkshire Way,terrace
26,Berkshire Way,terrace
34,Berkshire Way,terrace
36,Berkshire Way,terrace
40,Berkshire Way,terrace
42,Berkshire Way,terrace
1 A,Vanessa Terrace,terrace
1 C,Vanessa Terrace,terrace
1 D,Vanessa Terrace,terrace
3 B,Vanessa Terrace,terrace
3 C,Vanessa Terrace,terrace
3 D,Vanessa Terrace,terrace
3 E,Vanessa Terrace,terrace
5 A,Vanessa Terrace,terrace
5 C,Vanessa Terrace,terrace
5 D,Vanessa Terrace,terrace
7 A,Vanessa Terrace,terrace
7 C,Vanessa Terrace,terrace
7 D,Vanessa Terrace,terrace
7 E,Vanessa Terrace,terrace
7 F,Vanessa Terrace,terrace
7 G,Vanessa Terrace,terrace
69,Whelan Drive,terrace
73,Whelan Drive,terrace
75,Whelan Drive,terrace
61,Whelan Drive,terrace
65,Whelan Drive,terrace
67,Whelan Drive,terrace
59,Whelan Drive,terrace
55,Whelan Drive,terrace
53,Whelan Drive,terrace
51,Whelan Drive,terrace
49,Whelan Drive,terrace
35,Whelan Drive,terrace
39,Whelan Drive,terrace
41,Whelan Drive,terrace
43,Whelan Drive,terrace
45,Whelan Drive,terrace
47,Whelan Drive,terrace
33,Whelan Drive,terrace
29,Whelan Drive,terrace
27,Whelan Drive,terrace
25,Whelan Drive,terrace
23,Whelan Drive,terrace
21,Whelan Drive,terrace
19,Whelan Drive,house
13,Whelan Drive,house
9,Whelan Drive,house
7,Whelan Drive,house
6,Vanessa Terrace,house
2,Vanessa Terrace,house
34,Vanessa Terrace,house
30,Vanessa Terrace,house
28,Vanessa Terrace,house
22,Vanessa Terrace,house
20,Vanessa Terrace,house
14,Vanessa Terrace,house
10,Vanessa Terrace,house
8,Whelan Drive,house
12,Whelan Drive,house
38,Vanessa Terrace,house
16,Whelan Drive,house
18,Whelan Drive,house
24,Whelan Drive,house
26,Whelan Drive,house
42,Vanessa Terrace,house
9 D,Maple Ridge Crescent,terrace
9 C,Maple Ridge Crescent,terrace
9 B,Maple Ridge Crescent,terrace
9 A,Maple Ridge Crescent,terrace
2 F,Maple Ridge Crescent,terrace
2 D,Maple Ridge Crescent,terrace
2 C,Maple Ridge Crescent,terrace
2 B,Maple Ridge Crescent,terrace
2 A,Maple Ridge Crescent,terrace
4 F,Maple Ridge Crescent,terrace
4 D,Maple Ridge Crescent,terrace
4 C,Maple Ridge Crescent,terrace
4 B,Maple Ridge Crescent,terrace
4 A,Maple Ridge Crescent,terrace
6 F,Maple Ridge Crescent,terrace
6 D,Maple Ridge Crescent,terrace
6 C,Maple Ridge Crescent,terrace
6 B,Maple Ridge Crescent,terrace
6 A,Maple Ridge Crescent,terrace
8 A,Maple Ridge Crescent,terrace
8 C,Maple Ridge Crescent,terrace
8 D,Maple Ridge Crescent,terrace
8 E,Maple Ridge Crescent,terrace
8 F,Maple Ridge Crescent,terrace
10 A,Maple Ridge Crescent,terrace
10 C,Maple Ridge Crescent,terrace
12 A,Maple Ridge Crescent,terrace
12 C,Maple Ridge Crescent,terrace
12 D,Maple Ridge Crescent,terrace
7 A,Maple Ridge Crescent,terrace
7 C,Maple Ridge Crescent,terrace
7 D,Maple Ridge Crescent,terrace
7 E,Maple Ridge Crescent,terrace
5 C,Maple Ridge Crescent,terrace
5 A,Maple Ridge Crescent,terrace
3 D,Maple Ridge Crescent,terrace
3 B,Maple Ridge Crescent,terrace
3 A,Maple Ridge Crescent,terrace
11 A,Maple Ridge Crescent,terrace
11 C,Maple Ridge Crescent,terrace
11 D,Maple Ridge Crescent,terrace
11 E,Maple Ridge Crescent,terrace
11 F,Maple Ridge Crescent,terrace
1 B,Maple Ridge Crescent,terrace
1 C,Maple Ridge Crescent,terrace
1 D,Maple Ridge Crescent,terrace
1 E,Maple Ridge Crescent,terrace
1 F,Maple Ridge Crescent,terrace
1 G,Maple Ridge Crescent,terrace
15 B,Vanessa Terrace,terrace
15 C,Vanessa Terrace,terrace
15 D,Vanessa Terrace,terrace
15 E,Vanessa Terrace,terrace
15 F,Vanessa Terrace,terrace
40 B,Whelan Drive,terrace
40 C,Whelan Drive,terrace
40 D,Whelan Drive,terrace
40 E,Whelan Drive,terrace
13 A,Maple Ridge Crescent,terrace
13 C,Maple Ridge Crescent,terrace
13 D,Maple Ridge Crescent,terrace
13 E,Maple Ridge Crescent,terrace
22 G,Maple Ridge Crescent,terrace
22 E,Maple Ridge Crescent,terrace
22 D,Maple Ridge Crescent,terrace
22 C,Maple Ridge Crescent,terrace
22 B,Maple Ridge Crescent,terrace
22 A,Maple Ridge Crescent,terrace
59,Glacier Street,house
67,Glacier Street,house
68,Amherst Crescent,house
62,Amherst Crescent,house
72,Antler Avenue,house
68,Antler Avenue,house
62,Antler Avenue,house
43,Glacier Street,house
5,Ventnor Way,house
27,Ventnor Way,house
48,Malvern Drive,house
44,Malvern Drive,house
40,Malvern Drive,house
36,Malvern Drive,house
30,Malvern Drive,house
28,Malvern Drive,house
22,Malvern Drive,house
20,Malvern Drive,house
14,Malvern Drive,house
12,Malvern Drive,house
2,Ventnor Way,house
6,Ventnor Way,house
10,Ventnor Way,house
16,Ventnor Way,house
18,Ventnor Way,house
24,Ventnor Way,house
28,Ventnor Way,house
32,Ventnor Way,house
36,Ventnor Way,house
40,Ventnor Way,house
50,Ventnor Way,house
130,Tripp Crescent,house
132,Tripp Crescent,house
44,Ventnor Way,house
48,Ventnor Way,house
133,Tripp Crescent,house
60,Malvern Drive,house
62,Malvern Drive,house
66,Malvern Drive,house
72,Malvern Drive,house
74,Malvern Drive,house
1,Tedwyn Drive,terrace
5,Tedwyn Drive,terrace
7,Tedwyn Drive,terrace
9,Tedwyn Drive,terrace
11,Tedwyn Drive,terrace
77,Sherway Drive,terrace
73,Sherway Drive,terrace
79,Sherway Drive,terrace
81,Sherway Drive,terrace
83,Sherway Drive,terrace
85,Sherway Drive,house
91,Sherway Drive,house
93,Sherway Drive,terrace
95,Sherway Drive,terrace
99,Sherway Drive,terrace
101,Sherway Drive,house
107,Sherway Drive,house
115,Sherway Drive,terrace
109,Sherway Drive,terrace
113,Sherway Drive,terrace
117,Sherway Drive,terrace
119,Sherway Drive,terrace
29,Laming Street,house
39,Melville Drive,detached
43,Melville Drive,detached
47,Melville Drive,detached
51,Melville Drive,detached
59,Melville Drive,detached
110,Larkin Drive,house
114,Larkin Drive,house
116,Larkin Drive,house
138,Larkin Drive,house
124,Larkin Drive,house
126,Larkin Drive,house
132,Larkin Drive,house
144 B,Larkin Drive,house
299,Thistledown Court,terrace
297,Thistledown Court,terrace
8 F,Larkshire Lane,terrace
115,Thistledown Court,terrace
111,Thistledown Court,terrace
113,Thistledown Court,terrace
173,Thistledown Court,terrace
177,Thistledown Court,terrace
165,Thistledown Court,terrace
167,Thistledown Court,terrace
171,Thistledown Court,terrace
169,Thistledown Court,terrace
161,Thistledown Court,terrace
151,Thistledown Court,terrace
159,Thistledown Court,terrace
155,Thistledown Court,terrace
153,Thistledown Court,terrace
149,Thistledown Court,terrace
129,Thistledown Court,terrace
119,Thistledown Court,terrace
123,Thistledown Court,terrace
125,Thistledown Court,terrace
127,Thistledown Court,terrace
131,Thistledown Court,terrace
137,Thistledown Court,terrace
141,Thistledown Court,terrace
133,Thistledown Court,terrace
135,Thistledown Court,terrace
139,Thistledown Court,terrace
109,Thistledown Court,terrace
107,Thistledown Court,terrace
75,Thistledown Court,terrace
67,Thistledown Court,terrace
71,Thistledown Court,terrace
73,Thistledown Court,terrace
59,Thistledown Court,terrace
63,Thistledown Court,terrace
61,Thistledown Court,terrace
57,Thistledown Court,terrace
55,Thistledown Court,terrace
77,Thistledown Court,terrace
81,Thistledown Court,terrace
79,Thistledown Court,terrace
83,Thistledown Court,terrace
53,Thistledown Court,terrace
91,Thistledown Court,terrace
97,Thistledown Court,terrace
103,Thistledown Court,terrace
99,Thistledown Court,terrace
95,Thistledown Court,terrace
93,Thistledown Court,terrace
87,Thistledown Court,terrace
89,Thistledown Court,terrace
85,Thistledown Court,terrace
51,Thistledown Court,terrace
49,Thistledown Court,terrace
43,Thistledown Court,terrace
39,Thistledown Court,terrace
37,Thistledown Court,terrace
45,Thistledown Court,terrace
35,Thistledown Court,terrace
29,Thistledown Court,terrace
25,Thistledown Court,terrace
31,Thistledown Court,terrace
27,Thistledown Court,terrace
13,Thistledown Court,terrace
19,Thistledown Court,terrace
23,Thistledown Court,terrace
17,Thistledown Court,terrace
15,Thistledown Court,terrace
9,Thistledown Court,terrace
1,Thistledown Court,terrace
3,Thistledown Court,terrace
7,Thistledown Court,terrace
11,Thistledown Court,terrace
8,Thistledown Court,terrace
6,Thistledown Court,terrace
4,Thistledown Court,terrace
2,Thistledown Court,terrace
29,Malvern Drive,terrace
23,Malvern Drive,terrace
27,Malvern Drive,terrace
31,Malvern Drive,terrace
33,Malvern Drive,terrace
35,Malvern Drive,terrace
37,Malvern Drive,terrace
18,Thistledown Court,terrace
12,Thistledown Court,terrace
14,Thistledown Court,terrace
20,Thistledown Court,terrace
24,Thistledown Court,terrace
26,Thistledown Court,terrace
41,Malvern Drive,terrace
22,Thistledown Court,terrace
39,Malvern Drive,terrace
43,Malvern Drive,terrace
45,Malvern Drive,terrace
46,Thistledown Court,terrace
42,Thistledown Court,terrace
40,Thistledown Court,terrace
34,Thistledown Court,terrace
30,Thistledown Court,terrace
36,Thistledown Court,terrace
38,Thistledown Court,terrace
44,Thistledown Court,terrace
48,Thistledown Court,terrace
50,Thistledown Court,terrace
53,Malvern Drive,terrace
49,Malvern Drive,terrace
55,Malvern Drive,terrace
57,Malvern Drive,terrace
47,Malvern Drive,terrace
52,Thistledown Court,terrace
54,Thistledown Court,terrace
56,Thistledown Court,terrace
63,Malvern Drive,terrace
59,Malvern Drive,terrace
65,Malvern Drive,terrace
67,Malvern Drive,terrace
69,Malvern Drive,terrace
71,Malvern Drive,terrace
73,Malvern Drive,terrace
75,Malvern Drive,terrace
58,Thistledown Court,terrace
62,Thistledown Court,terrace
64,Thistledown Court,terrace
66,Thistledown Court,terrace
68,Thistledown Court,terrace
70,Thistledown Court,terrace
87,Malvern Drive,terrace
89,Malvern Drive,terrace
91,Malvern Drive,terrace
93,Malvern Drive,terrace
95,Malvern Drive,terrace
97,Malvern Drive,terrace
181,Thistledown Court,terrace
179,Thistledown Court,terrace
183,Thistledown Court,terrace
189,Thistledown Court,terrace
185,Thistledown Court,terrace
205,Thistledown Court,terrace
201,Thistledown Court,terrace
195,Thistledown Court,terrace
191,Thistledown Court,terrace
197,Thistledown Court,terrace
199,Thistledown Court,terrace
203,Thistledown Court,terrace
207,Thistledown Court,terrace
219,Thistledown Court,terrace
215,Thistledown Court,terrace
225,Thistledown Court,terrace
221,Thistledown Court,terrace
223,Thistledown Court,terrace
227,Thistledown Court,terrace
213,Thistledown Court,terrace
209,Thistledown Court,terrace
229,Thistledown Court,terrace
233,Thistledown Court,terrace
231,Thistledown Court,terrace
235,Thistledown Court,terrace
237,Thistledown Court,terrace
243,Thistledown Court,terrace
239,Thistledown Court,terrace
241,Thistledown Court,terrace
249,Thistledown Court,terrace
247,Thistledown Court,terrace
251,Thistledown Court,terrace
269,Thistledown Court,terrace
267,Thistledown Court,terrace
263,Thistledown Court,terrace
273,Thistledown Court,terrace
271,Thistledown Court,terrace
277,Thistledown Court,terrace
275,Thistledown Court,terrace
279,Thistledown Court,terrace
261,Thistledown Court,terrace
257,Thistledown Court,terrace
259,Thistledown Court,terrace
253,Thistledown Court,terrace
289,Thistledown Court,terrace
287,Thistledown Court,terrace
293,Thistledown Court,terrace
295,Thistledown Court,terrace
303,Thistledown Court,terrace
305,Thistledown Court,terrace
76,Thistledown Court,terrace
78,Thistledown Court,terrace
82,Thistledown Court,terrace
84,Thistledown Court,terrace
79,Malvern Drive,terrace
81,Malvern Drive,terrace
77,Malvern Drive,terrace
74,Thistledown Court,terrace
72,Thistledown Court,terrace
49,Sherway Drive,apartments
53,Sherway Drive,apartments
22,Sweetbriar Circle,apartments
18,Sweetbriar Circle,apartments
16,Sweetbriar Circle,apartments
12,Sweetbriar Circle,apartments
10,Sweetbriar Circle,apartments
6,Sweetbriar Circle,apartments
4,Sweetbriar Circle,apartments
